ID, Time, Distance, Account($), Battery Usage, Number of Trips
0, 24.074575, 1611.182007, 0.000000, , N/A , N/A
0, 24.074575, 1611.182007, 0.000000, , N/A , N/A
6, 16.106462, 0.000000, 66485.000000, , N/A , N/A
