ID, Time, Distance, Account($), Battery Usage, Number of Trips
0, 17.718330, 2517.643799, 340.600548, 0.000000, 1
0, 17.718330, 2517.643799, 340.600548, 0.000000, 1
6, 11.133235, 1021.801636, 1452.399452, N/A, N/A
