ID, Time, Distance, Account($), Battery Usage, Number of Trips
0, 64.560745, 2295.582031, 280.805683, 0, 1
0, 64.560745, 2295.582031, 280.805683, 0, 1
7, 55.559994, 842.417053, 1512.194317, N/A, N/A
