ID, Time, Distance, Account($), Battery Usage, Number of Trips
0, 13.049000, 1759.616943, 157.967997, 0, 1
0, 13.049000, 1759.616943, 157.967997, 0, 1
6, 2.652879, 473.903992, 1635.032003, N/A, N/A
