ID, Time, Distance, Account($), Battery Usage, Number of Trips
0,15.662252,756.490601,0.000000,0,1
0,15.662252,756.490601,0.000000,0,1
4,5.948056,4.009997,0.000000,0,0
