ID, Time, Distance, Account($), Battery Usage, Number of Trips
0, 28.988911, 1887.644897, 133.060865, 676.712133, 1
6, 18.150734, 399.182587, 1659.939135, N/A, N/A
