ID, Time, Distance, Account($), Battery Usage, Number of Trips
0, 54.796391, 10744.524414, 2293.496948, 2000.860217, 2
10, 28.519785, 3397.542236, 630.485886, N/A, N/A
12, 16.231661, 2939.948486, 155.017166, N/A, N/A
