ID, Time, Distance, Account($), Battery Usage, Number of Trips
0, 51.027012, 3589.019775, 620.412960, 655.645474, 2
6, 23.363819, 672.294189, 1568.901928, N/A, N/A
8, 1.146327, 1188.944702, 630.685112, N/A, N/A
