ID, Time, Distance, Account($), Battery Usage, Number of Trips
0, 89.243309, 5293.635742, 1800.347473, 2936.818000, 1
6, 75.221405, 3370.042480, 669.652527, N/A, N/A
