ID, Time, Distance, Account($), Battery Usage, Number of Trips
0, 164.991440, 11000.239258, 2382.069342, 2000.957800, 3
10, 13.630848, 0.000000, 1763.000000, N/A, N/A
12, 5.093241, 3357.263428, 3.912170, N/A, N/A
14, 14.546870, 3241.744629, 400.418488, N/A, N/A
