ID, Time, Distance, Account($), Battery Usage, Number of Trips
0, 37.385948, 5167.116699, 1050.070810, 679.990500, 2
6, 8.475839, 300.433746, 1692.855413, N/A, N/A
8, 5.981724, 2849.778564, 77.073776, N/A, N/A
