ID, Time, Distance, Account($), Battery Usage, Number of Trips
0, 37.288475, 5502.649902, 1469.136887, 2000.000000, 1
10, 26.487432, 3507.410645, 623.863113, N/A, N/A
