ID, Time, Distance, Account($), Battery Usage, Number of Trips
0, 36.808491, 5556.187012, 1502.536316, 2000.000000, 1
10, 20.379663, 3607.608887, 590.463684, N/A, N/A
