ID, Time, Distance, Account($), Battery Usage, Number of Trips
0, 120.115334, 15821.915039, 3662.335968, 2000.065637, 4
10, 49.589573, 2630.280273, 509.239899, N/A, N/A
12, 28.802723, 3344.194336, 377.268555, N/A, N/A
14, 70.815125, 3060.052734, 628.982452, N/A, N/A
16, 48.145378, 2882.480713, 460.173126, N/A, N/A
