ID, Time, Distance, Account($), Battery Usage, Number of Trips
0, 68.579224, 3533.772705, 559.259930, 2956.221701, 2
6, 10.873362, 593.708191, 1451.097263, N/A, N/A
8, 0.962272, 1084.071533, 1064.642807, N/A, N/A
