ID, Time, Distance, Account($), Battery Usage, Number of Trips
0, 37.860508, 2309.201416, 182.423191, 669.977107, 2
6, 8.295418, 547.269592, 1610.576809, N/A, N/A
8, 2.128423, 0.000000, 1429.000000, N/A, N/A
