ID, Time, Distance, Account($), Battery Usage, Number of Trips
0, 65.122116, 5723.849609, 1539.395065, 1430.973000, 1
6, 49.443085, 3718.185303, 553.604935, N/A, N/A
