ID, Time, Distance, Account($), Battery Usage, Number of Trips
0, 126.317375, 9369.880859, 1983.099480, 900.933093, 2
10, 20.533663, 3140.191162, 716.269577, N/A, N/A
12, 55.273346, 1909.107178, 687.630943, N/A, N/A
