ID, Time, Distance, Account($), Battery Usage, Number of Trips
0, 29.893599, 5294.291992, 1446.250916, 2000.000000, 1
10, 21.569349, 3438.752686, 616.749084, N/A, N/A
