ID, Time, Distance, Account($), Battery Usage, Number of Trips
0, 54.440811, 1849.637939, 154.812016, 675.923924, 2
6, 12.969514, 3.703407, 1791.765531, N/A, N/A
8, 0.887805, 460.732635, 1648.422453, N/A, N/A
