ID, Time, Distance, Account($), Battery Usage, Number of Trips
0, 38.122746, 5427.889160, 1461.697540, 2000.000000, 1
10, 27.173010, 3485.092529, 631.302460, N/A, N/A
