ID, Time, Distance, Account($), Battery Usage, Number of Trips
0, 34.033257, 5165.799805, 1096.395035, 2938.816500, 1
6, 21.620935, 3289.185059, 696.604965, N/A, N/A
