ID, Time, Distance, Account($), Battery Usage, Number of Trips
0, 248.264008, 5871.670898, 1802.255952, 2942.324500, 2
6, 11.610613, 268.791443, 1703.402851, N/A, N/A
8, 207.456802, 3107.366455, 299.211197, N/A, N/A
