ID, Time, Distance, Account($), Battery Usage, Number of Trips
0, 37.252441, 5267.249023, 1428.184662, 2000.000000, 1
10, 28.203690, 3384.553955, 664.815338, N/A, N/A
