ID, Time, Distance, Account($), Battery Usage, Number of Trips
0, 35.253700, 5166.340820, 1408.506622, 2000.000000, 1
10, 20.594452, 3325.519775, 684.493378, N/A, N/A
