ID, Time, Distance, Account($), Battery Usage, Number of Trips
0, 50.230553, 4183.483398, 0.000000, 0.000000, 1
6, 39.999569, 2710.170654, 889.609802, N/A, N/A
