ID, Time, Distance, Account($), Battery Usage, Number of Trips
0, 122.588783, 8741.693359, 1757.374344, 644.861622, 3
6, 34.106915, 842.304138, 1512.231949, N/A, N/A
8, 3.102546, 1902.026855, 424.991058, N/A, N/A
10, 8.953424, 2527.791992, 462.402649, N/A, N/A
