ID, Time, Distance, Account($), Battery Usage, Number of Trips
0, 129.736755, 3979.733887, 879.390182, 0.000000, 1
6, 119.722115, 2638.170654, 913.609818, N/A, N/A
