ID, Time, Distance, Account($), Battery Usage, Number of Trips
0, 133.600250, 4410.833496, 1181.391220, 2000.000000, 1
20, 20.788059, 2644.173584, 329.608780, N/A, N/A
