ID, Time, Distance, Account($), Battery Usage, Number of Trips
0, 50.535038, 3739.218262, 1077.437210, 2000.000000, 1
10, 22.720770, 2332.311523, 608.562790, N/A, N/A
