ID, Time, Distance, Account($), Battery Usage, Number of Trips
0, 62.979313, 4777.976074, 966.575127, 642.588933, 2
6, 22.265303, 1918.907593, 1153.364151, N/A, N/A
8, 14.532140, 980.817810, 1099.060722, N/A, N/A
