ID, Time, Distance, Account($), Battery Usage, Number of Trips
0, 32.783005, 5380.636719, 1458.707047, 2000.000000, 1
10, 22.443871, 3476.121094, 634.292953, N/A, N/A
