ID, Time, Distance, Account($), Battery Usage, Number of Trips
0, 44.564674, 5345.830078, 1450.565643, 2000.000000, 1
10, 22.398151, 3451.697021, 642.434357, N/A, N/A
