ID, Time, Distance, Account($), Battery Usage, Number of Trips
0, 37.531425, 5140.152832, 1396.819534, 2000.000000, 1
10, 21.287159, 3290.458496, 696.180466, N/A, N/A
