ID, Time, Distance, Account($), Battery Usage, Number of Trips
0, 36.627491, 5350.203125, 1460.452194, 2000.000000, 1
10, 25.048496, 3481.356689, 602.547806, N/A, N/A
