ID, Time, Distance, Account($), Battery Usage, Number of Trips
0, 157.555237, 16816.175781, 3406.061250, 2000.822379, 4
10, 20.906775, 3302.515625, 692.161453, N/A, N/A
12, 88.635376, 3322.700928, 15.433014, N/A, N/A
16, 19.366314, 563.862366, 979.045879, N/A, N/A
22, 29.537418, 2884.204834, 49.598404, N/A, N/A
