ID, Time, Distance, Account($), Battery Usage, Number of Trips
0, 132.754868, 11259.192383, 2501.888742, 2000.977661, 2
10, 26.627987, 3508.635254, 593.454941, N/A, N/A
12, 76.812759, 3465.730957, 217.756317, N/A, N/A
