ID, Time, Distance, Account($), Battery Usage, Number of Trips
0, 96.387123, 4954.112305, 1165.244942, 677.012000, 2
6, 18.286549, 642.852722, 1171.715752, N/A, N/A
8, 49.567093, 2852.882080, 785.039307, N/A, N/A
