ID, Time, Distance, Account($), Battery Usage, Number of Trips
0, 107.879654, 10527.838867, 2858.716080, 2000.907910, 3
12, 92.819702, 2615.599365, 463.133545, N/A, N/A
16, 50.936329, 3344.283203, 377.238953, N/A, N/A
18, 25.558090, 2310.265625, 878.911423, N/A, N/A
