ID, Time, Distance, Account($), Battery Usage, Number of Trips
0, 31.932650, 5300.290039, 1422.715912, 2000.000000, 1
10, 23.411684, 3368.147705, 670.284088, N/A, N/A
